"Dataset.Name","Cases","Variables","Categorical.Variables","Quantitative.Variables","Topics","Data.Link","Documentation.Link"
"A-Rod",23,2,0,2,"stem-and-leaf plot; scatterplot","[Link to A-Rod data (.txt)](https://raw.githubusercontent.com/IntroStats7e/IntroStats7e.github.io/refs/heads/main/A-Rod/A-Rod.txt)","[Link to A-Rod documentation](https://github.com/IntroStats7e/IntroStats7e.github.io/blob/main/A-Rod/readme.md)"
"Acid_rain",26,2,1,1,"histogram; stem-and-leaf plot","[Link to Acid_rain data (.txt)](https://raw.githubusercontent.com/IntroStats7e/IntroStats7e.github.io/refs/heads/main/Acid_rain/Acid_rain.txt)","[Link to Acid_rain documentation](https://github.com/IntroStats7e/IntroStats7e.github.io/blob/main/Acid_rain/readme.md)"
"Adoptions",51,4,1,3,"histograms; re-expression","[Link to Adoptions data (.txt)](https://raw.githubusercontent.com/IntroStats7e/IntroStats7e.github.io/refs/heads/main/Adoptions/Adoptions.txt)","[Link to Adoptions documentation](https://github.com/IntroStats7e/IntroStats7e.github.io/blob/main/Adoptions/readme.md)"
"AI_in_healthcare",13542,2,2,0,"contingency table; mosaic plot; bar plot","[Link to AI_in_healthcare data (.txt)](https://raw.githubusercontent.com/IntroStats7e/IntroStats7e.github.io/refs/heads/main/AI_in_healthcare/AI_in_healthcare.txt)","[Link to AI_in_healthcare documentation](https://github.com/IntroStats7e/IntroStats7e.github.io/blob/main/AI_in_healthcare/readme.md)"
"Alcohol_Consumption_2024",53,4,0,4,"histogram; scatterplot","[Link to Alcohol_Consumption_2024 data (.txt)](https://raw.githubusercontent.com/IntroStats7e/IntroStats7e.github.io/refs/heads/main/Alcohol_Consumption_2024/Alcohol_Consumption_2024.txt)","[Link to Alcohol_Consumption_2024 documentation](https://github.com/IntroStats7e/IntroStats7e.github.io/blob/main/Alcohol_Consumption_2024/readme.md)"
"ATUS_2024",7669,18,9,8,"boxplots","[Link to ATUS_2024 data (.txt)](https://raw.githubusercontent.com/IntroStats7e/IntroStats7e.github.io/refs/heads/main/ATUS_2024/ATUS_2024.txt)","[Link to ATUS_2024 documentation](https://github.com/IntroStats7e/IntroStats7e.github.io/blob/main/ATUS_2024/readme.md)"
"Baseball_2024",30,38,3,35,"histogram; scatterplot; regression","[Link to Baseball_2024 data (.txt)](https://raw.githubusercontent.com/IntroStats7e/IntroStats7e.github.io/refs/heads/main/Baseball_2024/Baseball_2024.txt)","[Link to Baseball_2024 documentation](https://github.com/IntroStats7e/IntroStats7e.github.io/blob/main/Baseball_2024/readme.md)"
"Bird_Species_2013",20,1,0,1,"stem-and-leaf plot; histogram","[Link to Bird_Species_2013 data (.txt)](https://raw.githubusercontent.com/IntroStats7e/IntroStats7e.github.io/refs/heads/main/Bird_Species_2013/Bird_Species_2013.txt)","[Link to Bird_Species_2013 documentation](https://github.com/IntroStats7e/IntroStats7e.github.io/blob/main/Bird_Species_2013/readme.md)"
"Blood_Pressure",474,2,2,0,"contingency table; bar plot; mosaic plot","[Link to Blood_Pressure data (.txt)](https://raw.githubusercontent.com/IntroStats7e/IntroStats7e.github.io/refs/heads/main/Blood_Pressure/Blood_Pressure.txt)","[Link to Blood_Pressure documentation](https://github.com/IntroStats7e/IntroStats7e.github.io/blob/main/Blood_Pressure/readme.md)"
"Boomtowns_2020",422,4,2,2,"histogram; summarizing quantitative data","[Link to Boomtowns_2020 data (.txt)](https://raw.githubusercontent.com/IntroStats7e/IntroStats7e.github.io/refs/heads/main/Boomtowns_2020/Boomtowns_2020.txt)","[Link to Boomtowns_2020 documentation](https://github.com/IntroStats7e/IntroStats7e.github.io/blob/main/Boomtowns_2020/readme.md)"
"Brewpubs_2024",31,2,0,2,"histogram; timeplot; summarizing quantitative data","[Link to Brewpubs_2024 data (.txt)](https://raw.githubusercontent.com/IntroStats7e/IntroStats7e.github.io/refs/heads/main/Brewpubs_2024/Brewpubs_2024.txt)","[Link to Brewpubs_2024 documentation](https://github.com/IntroStats7e/IntroStats7e.github.io/blob/main/Brewpubs_2024/readme.md)"
"Car_speeds_100",100,1,0,1,"histogram; summarizing quantitative data; one-sample t-test","[Link to Car_speeds_100 data (.txt)](https://raw.githubusercontent.com/IntroStats7e/IntroStats7e.github.io/refs/heads/main/Car_speeds_100/Car_speeds_100.txt)","[Link to Car_speeds_100 documentation](https://github.com/IntroStats7e/IntroStats7e.github.io/blob/main/Car_speeds_100/readme.md)"
"CEO_Compensation_2024",490,6,2,3,"re-expression; histogram; summarizing quantitative data","[Link to CEO_Compensation_2024 data (.txt)](https://raw.githubusercontent.com/IntroStats7e/IntroStats7e.github.io/refs/heads/main/CEO_Compensation_2024/CEO_Compensation_2024.txt)","[Link to CEO_Compensation_2024 documentation](https://github.com/IntroStats7e/IntroStats7e.github.io/blob/main/CEO_Compensation_2024/readme.md)"
"Cereals",77,15,2,12,"boxplots; scatterplot; regression","[Link to Cereals data (.txt)](https://raw.githubusercontent.com/IntroStats7e/IntroStats7e.github.io/refs/heads/main/Cereals/Cereals.txt)","[Link to Cereals documentation](https://github.com/IntroStats7e/IntroStats7e.github.io/blob/main/Cereals/readme.md)"
"Cholesterol_and_smoking",43,2,0,2,"boxplots; comparing groups","[Link to Cholesterol_and_smoking data (.txt)](https://raw.githubusercontent.com/IntroStats7e/IntroStats7e.github.io/refs/heads/main/Cholesterol_and_smoking/Cholesterol_and_smoking.txt)","[Link to Cholesterol_and_smoking documentation](https://github.com/IntroStats7e/IntroStats7e.github.io/blob/main/Cholesterol_and_smoking/readme.md)"
"Cloud_seeding",26,2,0,2,"histogram; boxplots; comparing distributions","[Link to Cloud_seeding data (.txt)](https://raw.githubusercontent.com/IntroStats7e/IntroStats7e.github.io/refs/heads/main/Cloud_seeding/Cloud_seeding.txt)","[Link to Cloud_seeding documentation](https://github.com/IntroStats7e/IntroStats7e.github.io/blob/main/Cloud_seeding/readme.md)"
"Coasters_2026",6181,11,3,8,"scatterplots; regression","[Link to Coasters_2026 data (.txt)](https://raw.githubusercontent.com/IntroStats7e/IntroStats7e.github.io/refs/heads/main/Coasters_2026/Coasters_2026.txt)","[Link to Coasters_2026 documentation](https://github.com/IntroStats7e/IntroStats7e.github.io/blob/main/Coasters_2026/readme.md)"
"COLall_2025",331,4,1,3,"comparing groups; boxplots","[Link to COLall_2025 data (.txt)](https://raw.githubusercontent.com/IntroStats7e/IntroStats7e.github.io/refs/heads/main/COLall_2025/COLall_2025.txt)","[Link to COLall_2025 documentation](https://github.com/IntroStats7e/IntroStats7e.github.io/blob/main/COLall_2025/readme.md)"
"Commute_times",5000,1,0,1,"histogram; one-sample t-interval","[Link to Commute_times data (.txt)](https://raw.githubusercontent.com/IntroStats7e/IntroStats7e.github.io/refs/heads/main/Commute_times/Commute_times.txt)","[Link to Commute_times documentation](https://github.com/IntroStats7e/IntroStats7e.github.io/blob/main/Commute_times/readme.md)"
"Companies",79,9,2,7,"reexpression; multiple regression; indicator variables","[Link to Companies data (.txt)](https://raw.githubusercontent.com/IntroStats7e/IntroStats7e.github.io/refs/heads/main/Companies/Companies.txt)","[Link to Companies documentation](https://github.com/IntroStats7e/IntroStats7e.github.io/blob/main/Companies/readme.md)"
"Cost_of_living_2025",327,8,1,7,"histogram; regression","[Link to Cost_of_living_2025 data (.txt)](https://raw.githubusercontent.com/IntroStats7e/IntroStats7e.github.io/refs/heads/main/Cost_of_living_2025/Cost_of_living_2025.txt)","[Link to Cost_of_living_2025 documentation](https://github.com/IntroStats7e/IntroStats7e.github.io/blob/main/Cost_of_living_2025/readme.md)"
"Cost_of_living_cities_2025",331,4,1,3,"comparing groups; box plots","[Link to Cost_of_living_cities_2025 data (.txt)](https://raw.githubusercontent.com/IntroStats7e/IntroStats7e.github.io/refs/heads/main/Cost_of_living_cities_2025/Cost_of_living_cities_2025.txt)","[Link to Cost_of_living_cities_2025 documentation](https://github.com/IntroStats7e/IntroStats7e.github.io/blob/main/Cost_of_living_cities_2025/readme.md)"
"Cost_of_living_countries_2025",96,4,1,3,"","[Link to Cost_of_living_countries_2025 data (.txt)](https://raw.githubusercontent.com/IntroStats7e/IntroStats7e.github.io/refs/heads/main/Cost_of_living_countries_2025/Cost_of_living_countries_2025.txt)","[Link to Cost_of_living_countries_2025 documentation](https://github.com/IntroStats7e/IntroStats7e.github.io/blob/main/Cost_of_living_countries_2025/readme.md)"
"Counting_birds",20,1,0,1,"histogram; stem-and-leaf plot","[Link to Counting_birds data (.txt)](https://raw.githubusercontent.com/IntroStats7e/IntroStats7e.github.io/refs/heads/main/Counting_birds/Counting_birds.txt)","[Link to Counting_birds documentation](https://github.com/IntroStats7e/IntroStats7e.github.io/blob/main/Counting_birds/readme.md)"
"COVID_blood_type_and_age",4,6,1,5,"contingency table; bar plot; mosaic plot","[Link to COVID_blood_type_and_age data (.txt)](https://raw.githubusercontent.com/IntroStats7e/IntroStats7e.github.io/refs/heads/main/COVID_blood_type_and_age/COVID_blood_type_and_age.txt)","[Link to COVID_blood_type_and_age documentation](https://github.com/IntroStats7e/IntroStats7e.github.io/blob/main/COVID_blood_type_and_age/readme.md)"
"Credit_card_charges",500,1,0,1,"","[Link to Credit_card_charges data (.txt)](https://raw.githubusercontent.com/IntroStats7e/IntroStats7e.github.io/refs/heads/main/Credit_card_charges/Credit_card_charges.txt)","[Link to Credit_card_charges documentation](https://github.com/IntroStats7e/IntroStats7e.github.io/blob/main/Credit_card_charges/readme.md)"
"Cups",32,2,1,1,"","[Link to Cups data (.txt)](https://raw.githubusercontent.com/IntroStats7e/IntroStats7e.github.io/refs/heads/main/Cups/Cups.txt)","[Link to Cups documentation](https://github.com/IntroStats7e/IntroStats7e.github.io/blob/main/Cups/readme.md)"
"Drivers_licenses_2023",16,4,1,3,"","[Link to Drivers_licenses_2023 data (.txt)](https://raw.githubusercontent.com/IntroStats7e/IntroStats7e.github.io/refs/heads/main/Drivers_licenses_2023/Drivers_licenses_2023.txt)","[Link to Drivers_licenses_2023 documentation](https://github.com/IntroStats7e/IntroStats7e.github.io/blob/main/Drivers_licenses_2023/readme.md)"
"Emails",155,1,0,1,"","[Link to Emails data (.txt)](https://raw.githubusercontent.com/IntroStats7e/IntroStats7e.github.io/refs/heads/main/Emails/Emails.txt)","[Link to Emails documentation](https://github.com/IntroStats7e/IntroStats7e.github.io/blob/main/Emails/readme.md)"
"Fish_diet",6272,2,2,0,"contingency table; barplots; mosaic plot","[Link to Fish_diet data (.txt)](https://raw.githubusercontent.com/IntroStats7e/IntroStats7e.github.io/refs/heads/main/Fish_diet/Fish_diet.txt)","[Link to Fish_diet documentation](https://github.com/IntroStats7e/IntroStats7e.github.io/blob/main/Fish_diet/readme.md)"
"Fitbit_sleep_scores",113,8,1,7,"","[Link to Fitbit_sleep_scores data (.txt)](https://raw.githubusercontent.com/IntroStats7e/IntroStats7e.github.io/refs/heads/main/Fitbit_sleep_scores/Fitbit_sleep_scores.txt)","[Link to Fitbit_sleep_scores documentation](https://github.com/IntroStats7e/IntroStats7e.github.io/blob/main/Fitbit_sleep_scores/readme.md)"
"Flights_on_time_2025",381,11,2,9,"","[Link to Flights_on_time_2025 data (.txt)](https://raw.githubusercontent.com/IntroStats7e/IntroStats7e.github.io/refs/heads/main/Flights_on_time_2025/Flights_on_time_2025.txt)","[Link to Flights_on_time_2025 documentation](https://github.com/IntroStats7e/IntroStats7e.github.io/blob/main/Flights_on_time_2025/readme.md)"
"Floods_2024",30,2,0,2,"","[Link to Floods_2024 data (.txt)](https://raw.githubusercontent.com/IntroStats7e/IntroStats7e.github.io/refs/heads/main/Floods_2024/Floods_2024.txt)","[Link to Floods_2024 documentation](https://github.com/IntroStats7e/IntroStats7e.github.io/blob/main/Floods_2024/readme.md)"
"Framingham",1406,6,1,5,"","[Link to Framingham data (.txt)](https://raw.githubusercontent.com/IntroStats7e/IntroStats7e.github.io/refs/heads/main/Framingham/Framingham.txt)","[Link to Framingham documentation](https://github.com/IntroStats7e/IntroStats7e.github.io/blob/main/Framingham/readme.md)"
"Fuel_economy_and_cylinders",38,2,0,2,"","[Link to Fuel_economy_and_cylinders data (.txt)](https://raw.githubusercontent.com/IntroStats7e/IntroStats7e.github.io/refs/heads/main/Fuel_economy_and_cylinders/Fuel_economy_and_cylinders.txt)","[Link to Fuel_economy_and_cylinders documentation](https://github.com/IntroStats7e/IntroStats7e.github.io/blob/main/Fuel_economy_and_cylinders/readme.md)"
"Gas_prices_2024",381,5,2,3,"","[Link to Gas_prices_2024 data (.txt)](https://raw.githubusercontent.com/IntroStats7e/IntroStats7e.github.io/refs/heads/main/Gas_prices_2024/Gas_prices_2024.txt)","[Link to Gas_prices_2024 documentation](https://github.com/IntroStats7e/IntroStats7e.github.io/blob/main/Gas_prices_2024/readme.md)"
"Heart_attack_stays",5065,2,0,2,"","[Link to Heart_attack_stays data (.txt)](https://raw.githubusercontent.com/IntroStats7e/IntroStats7e.github.io/refs/heads/main/Heart_attack_stays/Heart_attack_stays.txt)","[Link to Heart_attack_stays documentation](https://github.com/IntroStats7e/IntroStats7e.github.io/blob/main/Heart_attack_stays/readme.md)"
"Hopkins_Forest",365,29,1,28,"","[Link to Hopkins_Forest data (.txt)](https://raw.githubusercontent.com/IntroStats7e/IntroStats7e.github.io/refs/heads/main/Hopkins_Forest/Hopkins_Forest.txt)","[Link to Hopkins_Forest documentation](https://github.com/IntroStats7e/IntroStats7e.github.io/blob/main/Hopkins_Forest/readme.md)"
"Industrial_experiment",20,2,1,1,"","[Link to Industrial_experiment data (.txt)](https://raw.githubusercontent.com/IntroStats7e/IntroStats7e.github.io/refs/heads/main/Industrial_experiment/Industrial_experiment.txt)","[Link to Industrial_experiment documentation](https://github.com/IntroStats7e/IntroStats7e.github.io/blob/main/Industrial_experiment/readme.md)"
"Indy_500_2025",109,7,3,4,"histogram; scatterplot; reexpression","[Link to Indy_500_2025 data (.txt)](https://raw.githubusercontent.com/IntroStats7e/IntroStats7e.github.io/refs/heads/main/Indy_500_2025/Indy_500_2025.txt)","[Link to Indy_500_2025 documentation](https://github.com/IntroStats7e/IntroStats7e.github.io/blob/main/Indy_500_2025/readme.md)"
"Kentucky_Derby_2025",151,11,4,7,"histogram; scatterplot; reexpression","[Link to Kentucky_Derby_2025 data (.txt)](https://raw.githubusercontent.com/IntroStats7e/IntroStats7e.github.io/refs/heads/main/Kentucky_Derby_2025/Kentucky_Derby_2025.txt)","[Link to Kentucky_Derby_2025 documentation](https://github.com/IntroStats7e/IntroStats7e.github.io/blob/main/Kentucky_Derby_2025/readme.md)"
"Load_factors_2024",264,9,0,9,"","[Link to Load_factors_2024 data (.txt)](https://raw.githubusercontent.com/IntroStats7e/IntroStats7e.github.io/refs/heads/main/Load_factors_2024/Load_factors_2024.txt)","[Link to Load_factors_2024 documentation](https://github.com/IntroStats7e/IntroStats7e.github.io/blob/main/Load_factors_2024/readme.md)"
"Major_hurricanes_2025",82,2,0,2,"","[Link to Major_hurricanes_2025 data (.txt)](https://raw.githubusercontent.com/IntroStats7e/IntroStats7e.github.io/refs/heads/main/Major_hurricanes_2025/Major_hurricanes_2025.txt)","[Link to Major_hurricanes_2025 documentation](https://github.com/IntroStats7e/IntroStats7e.github.io/blob/main/Major_hurricanes_2025/readme.md)"
"Male_body_measurements",250,16,0,16,"","[Link to Male_body_measurements data (.txt)](https://raw.githubusercontent.com/IntroStats7e/IntroStats7e.github.io/refs/heads/main/Male_body_measurements/Male_body_measurements.txt)","[Link to Male_body_measurements documentation](https://github.com/IntroStats7e/IntroStats7e.github.io/blob/main/Male_body_measurements/readme.md)"
"Marijuana_2015",56,2,1,1,"","[Link to Marijuana_2015 data (.txt)](https://raw.githubusercontent.com/IntroStats7e/IntroStats7e.github.io/refs/heads/main/Marijuana_2015/Marijuana_2015.txt)","[Link to Marijuana_2015 documentation](https://github.com/IntroStats7e/IntroStats7e.github.io/blob/main/Marijuana_2015/readme.md)"
"Math_Scores_2023",52,3,1,2,"","[Link to Math_Scores_2023 data (.txt)](https://raw.githubusercontent.com/IntroStats7e/IntroStats7e.github.io/refs/heads/main/Math_Scores_2023/Math_Scores_2023.txt)","[Link to Math_Scores_2023 documentation](https://github.com/IntroStats7e/IntroStats7e.github.io/blob/main/Math_Scores_2023/readme.md)"
"Movies_16-25",1000,20,8,11,"","[Link to Movies_16-25 data (.txt)](https://raw.githubusercontent.com/IntroStats7e/IntroStats7e.github.io/refs/heads/main/Movies_16-25/Movies_16-25.txt)","[Link to Movies_16-25 documentation](https://github.com/IntroStats7e/IntroStats7e.github.io/blob/main/Movies_16-25/readme.md)"
"MPG_2021",90,3,1,2,"","[Link to MPG_2021 data (.txt)](https://raw.githubusercontent.com/IntroStats7e/IntroStats7e.github.io/refs/heads/main/MPG_2021/MPG_2021.txt)","[Link to MPG_2021 documentation](https://github.com/IntroStats7e/IntroStats7e.github.io/blob/main/MPG_2021/readme.md)"
"Music_library",192,1,0,1,"","[Link to Music_library data (.txt)](https://raw.githubusercontent.com/IntroStats7e/IntroStats7e.github.io/refs/heads/main/Music_library/Music_library.txt)","[Link to Music_library documentation](https://github.com/IntroStats7e/IntroStats7e.github.io/blob/main/Music_library/readme.md)"
"Nest_Egg_Index",50,3,2,1,"","[Link to Nest_Egg_Index data (.txt)](https://raw.githubusercontent.com/IntroStats7e/IntroStats7e.github.io/refs/heads/main/Nest_Egg_Index/Nest_Egg_Index.txt)","[Link to Nest_Egg_Index documentation](https://github.com/IntroStats7e/IntroStats7e.github.io/blob/main/Nest_Egg_Index/readme.md)"
"NHANES_2021_2023",6337,38,10,28,"","[Link to NHANES_2021_2023 data (.txt)](https://raw.githubusercontent.com/IntroStats7e/IntroStats7e.github.io/refs/heads/main/NHANES_2021_2023/NHANES_2021_2023.txt)","[Link to NHANES_2021_2023 documentation](https://github.com/IntroStats7e/IntroStats7e.github.io/blob/main/NHANES_2021_2023/readme.md)"
"Nightmares",63,2,1,0,"","[Link to Nightmares data (.txt)](https://raw.githubusercontent.com/IntroStats7e/IntroStats7e.github.io/refs/heads/main/Nightmares/Nightmares.txt)","[Link to Nightmares documentation](https://github.com/IntroStats7e/IntroStats7e.github.io/blob/main/Nightmares/readme.md)"
"Nissan",100,1,0,1,"","[Link to Nissan data (.txt)](https://raw.githubusercontent.com/IntroStats7e/IntroStats7e.github.io/refs/heads/main/Nissan/Nissan.txt)","[Link to Nissan documentation](https://github.com/IntroStats7e/IntroStats7e.github.io/blob/main/Nissan/readme.md)"
"OKCupid_CatsDogs",59943,4,4,0,"","[Link to OKCupid_CatsDogs data (.txt)](https://raw.githubusercontent.com/IntroStats7e/IntroStats7e.github.io/refs/heads/main/OKCupid_CatsDogs/OKCupid_CatsDogs.txt)","[Link to OKCupid_CatsDogs documentation](https://github.com/IntroStats7e/IntroStats7e.github.io/blob/main/OKCupid_CatsDogs/readme.md)"
"Passive_smoke",150,2,1,1,"","[Link to Passive_smoke data (.txt)](https://raw.githubusercontent.com/IntroStats7e/IntroStats7e.github.io/refs/heads/main/Passive_smoke/Passive_smoke.txt)","[Link to Passive_smoke documentation](https://github.com/IntroStats7e/IntroStats7e.github.io/blob/main/Passive_smoke/readme.md)"
"Pizza_prices",156,9,0,9,"","[Link to Pizza_prices data (.txt)](https://raw.githubusercontent.com/IntroStats7e/IntroStats7e.github.io/refs/heads/main/Pizza_prices/Pizza_prices.txt)","[Link to Pizza_prices documentation](https://github.com/IntroStats7e/IntroStats7e.github.io/blob/main/Pizza_prices/readme.md)"
"Population_growth_2010",51,3,2,1,"","[Link to Population_growth_2010 data (.txt)](https://raw.githubusercontent.com/IntroStats7e/IntroStats7e.github.io/refs/heads/main/Population_growth_2010/Population_growth_2010.txt)","[Link to Population_growth_2010 documentation](https://github.com/IntroStats7e/IntroStats7e.github.io/blob/main/Population_growth_2010/readme.md)"
"Poverty_and_Region_2022",4,4,1,3,"","[Link to Poverty_and_Region_2022 data (.txt)](https://raw.githubusercontent.com/IntroStats7e/IntroStats7e.github.io/refs/heads/main/Poverty_and_Region_2022/Poverty_and_Region_2022.txt)","[Link to Poverty_and_Region_2022 documentation](https://github.com/IntroStats7e/IntroStats7e.github.io/blob/main/Poverty_and_Region_2022/readme.md)"
"Prisons_2022",50,4,1,3,"","[Link to Prisons_2022 data (.txt)](https://raw.githubusercontent.com/IntroStats7e/IntroStats7e.github.io/refs/heads/main/Prisons_2022/Prisons_2022.txt)","[Link to Prisons_2022 documentation](https://github.com/IntroStats7e/IntroStats7e.github.io/blob/main/Prisons_2022/readme.md)"
"Receivers_2024",500,16,3,13,"","[Link to Receivers_2024 data (.txt)](https://raw.githubusercontent.com/IntroStats7e/IntroStats7e.github.io/refs/heads/main/Receivers_2024/Receivers_2024.txt)","[Link to Receivers_2024 documentation](https://github.com/IntroStats7e/IntroStats7e.github.io/blob/main/Receivers_2024/readme.md)"
"Rock_concert_deaths",164,5,4,1,"","[Link to Rock_concert_deaths data (.txt)](https://raw.githubusercontent.com/IntroStats7e/IntroStats7e.github.io/refs/heads/main/Rock_concert_deaths/Rock_concert_deaths.txt)","[Link to Rock_concert_deaths documentation](https://github.com/IntroStats7e/IntroStats7e.github.io/blob/main/Rock_concert_deaths/readme.md)"
"Run_times",236,1,0,1,"","[Link to Run_times data (.txt)](https://raw.githubusercontent.com/IntroStats7e/IntroStats7e.github.io/refs/heads/main/Run_times/Run_times.txt)","[Link to Run_times documentation](https://github.com/IntroStats7e/IntroStats7e.github.io/blob/main/Run_times/readme.md)"
"Scorecard",3676,39,24,13,"","[Link to Scorecard data (.txt)](https://raw.githubusercontent.com/IntroStats7e/IntroStats7e.github.io/refs/heads/main/Scorecard/Scorecard.txt)","[Link to Scorecard documentation](https://github.com/IntroStats7e/IntroStats7e.github.io/blob/main/Scorecard/readme.md)"
"Shoe_Sizes",268,2,1,1,"","[Link to Shoe_Sizes data (.txt)](https://raw.githubusercontent.com/IntroStats7e/IntroStats7e.github.io/refs/heads/main/Shoe_Sizes/Shoe_Sizes.txt)","[Link to Shoe_Sizes documentation](https://github.com/IntroStats7e/IntroStats7e.github.io/blob/main/Shoe_Sizes/readme.md)"
"Slalom_times_2022",45,9,3,6,"","[Link to Slalom_times_2022 data (.txt)](https://raw.githubusercontent.com/IntroStats7e/IntroStats7e.github.io/refs/heads/main/Slalom_times_2022/Slalom_times_2022.txt)","[Link to Slalom_times_2022 documentation](https://github.com/IntroStats7e/IntroStats7e.github.io/blob/main/Slalom_times_2022/readme.md)"
"Smoking_by_Age_and_Gender",12,7,3,4,"","[Link to Smoking_by_Age_and_Gender data (.txt)](https://raw.githubusercontent.com/IntroStats7e/IntroStats7e.github.io/refs/heads/main/Smoking_by_Age_and_Gender/Smoking_by_Age_and_Gender.txt)","[Link to Smoking_by_Age_and_Gender documentation](https://github.com/IntroStats7e/IntroStats7e.github.io/blob/main/Smoking_by_Age_and_Gender/readme.md)"
"Stereograms",78,2,1,1,"","[Link to Stereograms data (.txt)](https://raw.githubusercontent.com/IntroStats7e/IntroStats7e.github.io/refs/heads/main/Stereograms/Stereograms.txt)","[Link to Stereograms documentation](https://github.com/IntroStats7e/IntroStats7e.github.io/blob/main/Stereograms/readme.md)"
"Student_survey",299,15,7,8,"","[Link to Student_survey data (.txt)](https://raw.githubusercontent.com/IntroStats7e/IntroStats7e.github.io/refs/heads/main/Student_survey/Student_survey.txt)","[Link to Student_survey documentation](https://github.com/IntroStats7e/IntroStats7e.github.io/blob/main/Student_survey/readme.md)"
"Sugar_in_cereal",28,2,0,2,"","[Link to Sugar_in_cereal data (.txt)](https://raw.githubusercontent.com/IntroStats7e/IntroStats7e.github.io/refs/heads/main/Sugar_in_cereal/Sugar_in_cereal.txt)","[Link to Sugar_in_cereal documentation](https://github.com/IntroStats7e/IntroStats7e.github.io/blob/main/Sugar_in_cereal/readme.md)"
"Summer_Olympics_2024",91,5,1,4,"","[Link to Summer_Olympics_2024 data (.txt)](https://raw.githubusercontent.com/IntroStats7e/IntroStats7e.github.io/refs/heads/main/Summer_Olympics_2024/Summer_Olympics_2024.txt)","[Link to Summer_Olympics_2024 documentation](https://github.com/IntroStats7e/IntroStats7e.github.io/blob/main/Summer_Olympics_2024/readme.md)"
"Super_Bowl_2025",59,7,3,4,"","[Link to Super_Bowl_2025 data (.txt)](https://raw.githubusercontent.com/IntroStats7e/IntroStats7e.github.io/refs/heads/main/Super_Bowl_2025/Super_Bowl_2025.txt)","[Link to Super_Bowl_2025 documentation](https://github.com/IntroStats7e/IntroStats7e.github.io/blob/main/Super_Bowl_2025/readme.md)"
"Swift_at_the_Super_Bowl",3,4,1,3,"contingency table; mosaic plot; bar plot","[Link to Swift_at_the_Super_Bowl data (.txt)](https://raw.githubusercontent.com/IntroStats7e/IntroStats7e.github.io/refs/heads/main/Swift_at_the_Super_Bowl/Swift_at_the_Super_Bowl.txt)","[Link to Swift_at_the_Super_Bowl documentation](https://github.com/IntroStats7e/IntroStats7e.github.io/blob/main/Swift_at_the_Super_Bowl/readme.md)"
"Tattoos",626,2,2,0,"","[Link to Tattoos data (.txt)](https://raw.githubusercontent.com/IntroStats7e/IntroStats7e.github.io/refs/heads/main/Tattoos/Tattoos.txt)","[Link to Tattoos documentation](https://github.com/IntroStats7e/IntroStats7e.github.io/blob/main/Tattoos/readme.md)"
"Tendon_transfers",16,5,3,2,"","[Link to Tendon_transfers data (.txt)](https://raw.githubusercontent.com/IntroStats7e/IntroStats7e.github.io/refs/heads/main/Tendon_transfers/Tendon_transfers.txt)","[Link to Tendon_transfers documentation](https://github.com/IntroStats7e/IntroStats7e.github.io/blob/main/Tendon_transfers/readme.md)"
"Titanic_2025",2208,21,12,7,"","[Link to Titanic_2025 data (.txt)](https://raw.githubusercontent.com/IntroStats7e/IntroStats7e.github.io/refs/heads/main/Titanic_2025/Titanic_2025.txt)","[Link to Titanic_2025 documentation](https://github.com/IntroStats7e/IntroStats7e.github.io/blob/main/Titanic_2025/readme.md)"
"Tornadoes_2024",30,2,0,2,"","[Link to Tornadoes_2024 data (.txt)](https://raw.githubusercontent.com/IntroStats7e/IntroStats7e.github.io/refs/heads/main/Tornadoes_2024/Tornadoes_2024.txt)","[Link to Tornadoes_2024 documentation](https://github.com/IntroStats7e/IntroStats7e.github.io/blob/main/Tornadoes_2024/readme.md)"
"Tour_de_France_2025",112,12,4,5,"histogram; scatterplot; reexpression","[Link to Tour_de_France_2025 data (.txt)](https://raw.githubusercontent.com/IntroStats7e/IntroStats7e.github.io/refs/heads/main/Tour_de_France_2025/Tour_de_France_2025.txt)","[Link to Tour_de_France_2025 documentation](https://github.com/IntroStats7e/IntroStats7e.github.io/blob/main/Tour_de_France_2025/readme.md)"
"Traffic_fatalities_2013",27,20,0,20,"","[Link to Traffic_fatalities_2013 data (.txt)](https://raw.githubusercontent.com/IntroStats7e/IntroStats7e.github.io/refs/heads/main/Traffic_fatalities_2013/Traffic_fatalities_2013.txt)","[Link to Traffic_fatalities_2013 documentation](https://github.com/IntroStats7e/IntroStats7e.github.io/blob/main/Traffic_fatalities_2013/readme.md)"
"Tsunamis_2025",1205,12,1,10,"","[Link to Tsunamis_2025 data (.txt)](https://raw.githubusercontent.com/IntroStats7e/IntroStats7e.github.io/refs/heads/main/Tsunamis_2025/Tsunamis_2025.txt)","[Link to Tsunamis_2025 documentation](https://github.com/IntroStats7e/IntroStats7e.github.io/blob/main/Tsunamis_2025/readme.md)"
"Vineyards",36,18,2,16,"","[Link to Vineyards data (.txt)](https://raw.githubusercontent.com/IntroStats7e/IntroStats7e.github.io/refs/heads/main/Vineyards/Vineyards.txt)","[Link to Vineyards documentation](https://github.com/IntroStats7e/IntroStats7e.github.io/blob/main/Vineyards/readme.md)"
"Winter_Olympics_2022_Mens_Alpine_Combined",17,4,2,2,"","[Link to Winter_Olympics_2022_Mens_Alpine_Combined data (.txt)](https://raw.githubusercontent.com/IntroStats7e/IntroStats7e.github.io/refs/heads/main/Winter_Olympics_2022_Mens_Alpine_Combined/Winter_Olympics_2022_Mens_Alpine_Combined.txt)","[Link to Winter_Olympics_2022_Mens_Alpine_Combined documentation](https://github.com/IntroStats7e/IntroStats7e.github.io/blob/main/Winter_Olympics_2022_Mens_Alpine_Combined/readme.md)"
"Winter_Olympics_2022_slalom",45,9,4,5,"","[Link to Winter_Olympics_2022_slalom data (.txt)](https://raw.githubusercontent.com/IntroStats7e/IntroStats7e.github.io/refs/heads/main/Winter_Olympics_2022_slalom/Winter_Olympics_2022_slalom.txt)","[Link to Winter_Olympics_2022_slalom documentation](https://github.com/IntroStats7e/IntroStats7e.github.io/blob/main/Winter_Olympics_2022_slalom/readme.md)"
"Wisconsin_ACT_2023",521,5,3,2,"","[Link to Wisconsin_ACT_2023 data (.txt)](https://raw.githubusercontent.com/IntroStats7e/IntroStats7e.github.io/refs/heads/main/Wisconsin_ACT_2023/Wisconsin_ACT_2023.txt)","[Link to Wisconsin_ACT_2023 documentation](https://github.com/IntroStats7e/IntroStats7e.github.io/blob/main/Wisconsin_ACT_2023/readme.md)"
"Womens_Heptathlon_2024",21,12,1,11,"standardization","[Link to Womens_Heptathlon_2024 data (.txt)](https://raw.githubusercontent.com/IntroStats7e/IntroStats7e.github.io/refs/heads/main/Womens_Heptathlon_2024/Womens_Heptathlon_2024.txt)","[Link to Womens_Heptathlon_2024 documentation](https://github.com/IntroStats7e/IntroStats7e.github.io/blob/main/Womens_Heptathlon_2024/readme.md)"
"World_happiness_2024",138,10,1,9,"","[Link to World_happiness_2024 data (.txt)](https://raw.githubusercontent.com/IntroStats7e/IntroStats7e.github.io/refs/heads/main/World_happiness_2024/World_happiness_2024.txt)","[Link to World_happiness_2024 documentation](https://github.com/IntroStats7e/IntroStats7e.github.io/blob/main/World_happiness_2024/readme.md)"
"Antidepressants",19,3,1,2,NA,"[Link to Antidepressants data (.txt)](https://raw.githubusercontent.com/IntroStats7e/IntroStats7e.github.io/refs/heads/main/Antidepressants/Antidepressants.txt)","[Link to Antidepressants documentation](https://github.com/IntroStats7e/IntroStats7e.github.io/blob/main/Antidepressants/readme.md)"
"Birthrates_2025",13,3,0,3,NA,"[Link to Birthrates_2025 data (.txt)](https://raw.githubusercontent.com/IntroStats7e/IntroStats7e.github.io/refs/heads/main/Birthrates_2025/Birthrates_2025.txt)","[Link to Birthrates_2025 documentation](https://github.com/IntroStats7e/IntroStats7e.github.io/blob/main/Birthrates_2025/readme.md)"
"Bookstore_sales",10,2,0,2,NA,"[Link to Bookstore_sales data (.txt)](https://raw.githubusercontent.com/IntroStats7e/IntroStats7e.github.io/refs/heads/main/Bookstore_sales/Bookstore_sales.txt)","[Link to Bookstore_sales documentation](https://github.com/IntroStats7e/IntroStats7e.github.io/blob/main/Bookstore_sales/readme.md)"
"Burgers",7,3,0,3,NA,"[Link to Burgers data (.txt)](https://raw.githubusercontent.com/IntroStats7e/IntroStats7e.github.io/refs/heads/main/Burgers/Burgers.txt)","[Link to Burgers documentation](https://github.com/IntroStats7e/IntroStats7e.github.io/blob/main/Burgers/readme.md)"
"Cigarettes",816,4,1,3,NA,"[Link to Cigarettes data (.txt)](https://raw.githubusercontent.com/IntroStats7e/IntroStats7e.github.io/refs/heads/main/Cigarettes/Cigarettes.txt)","[Link to Cigarettes documentation](https://github.com/IntroStats7e/IntroStats7e.github.io/blob/main/Cigarettes/readme.md)"
"Cyclists_2022",23,2,0,2,NA,"[Link to Cyclists_2022 data (.txt)](https://raw.githubusercontent.com/IntroStats7e/IntroStats7e.github.io/refs/heads/main/Cyclists_2022/Cyclists_2022.txt)","[Link to Cyclists_2022 documentation](https://github.com/IntroStats7e/IntroStats7e.github.io/blob/main/Cyclists_2022/readme.md)"
"Disk_drives_2025",11,2,0,2,NA,"[Link to Disk_drives_2025 data (.txt)](https://raw.githubusercontent.com/IntroStats7e/IntroStats7e.github.io/refs/heads/main/Disk_drives_2025/Disk_drives_2025.txt)","[Link to Disk_drives_2025 documentation](https://github.com/IntroStats7e/IntroStats7e.github.io/blob/main/Disk_drives_2025/readme.md)"
"Doctors_and_life_expectancy",40,8,1,7,NA,"[Link to Doctors_and_life_expectancy data (.txt)](https://raw.githubusercontent.com/IntroStats7e/IntroStats7e.github.io/refs/heads/main/Doctors_and_life_expectancy/Doctors_and_life_expectancy.txt)","[Link to Doctors_and_life_expectancy documentation](https://github.com/IntroStats7e/IntroStats7e.github.io/blob/main/Doctors_and_life_expectancy/readme.md)"
"Drug_use_2024",37,12,1,11,NA,"[Link to Drug_use_2024 data (.txt)](https://raw.githubusercontent.com/IntroStats7e/IntroStats7e.github.io/refs/heads/main/Drug_use_2024/Drug_use_2024.txt)","[Link to Drug_use_2024 documentation](https://github.com/IntroStats7e/IntroStats7e.github.io/blob/main/Drug_use_2024/readme.md)"
"Election_2020_2024",3155,43,3,38,NA,"[Link to Election_2020_2024 data (.txt)](https://raw.githubusercontent.com/IntroStats7e/IntroStats7e.github.io/refs/heads/main/Election_2020_2024/Election_2020_2024.txt)","[Link to Election_2020_2024 documentation](https://github.com/IntroStats7e/IntroStats7e.github.io/blob/main/Election_2020_2024/readme.md)"
"Fuel_economy_2026",1071,16,6,10,NA,"[Link to Fuel_economy_2026 data (.txt)](https://raw.githubusercontent.com/IntroStats7e/IntroStats7e.github.io/refs/heads/main/Fuel_economy_2026/Fuel_economy_2026.txt)","[Link to Fuel_economy_2026 documentation](https://github.com/IntroStats7e/IntroStats7e.github.io/blob/main/Fuel_economy_2026/readme.md)"
"Income_and_housing",51,3,1,2,NA,"[Link to Income_and_housing data (.txt)](https://raw.githubusercontent.com/IntroStats7e/IntroStats7e.github.io/refs/heads/main/Income_and_housing/Income_and_housing.txt)","[Link to Income_and_housing documentation](https://github.com/IntroStats7e/IntroStats7e.github.io/blob/main/Income_and_housing/readme.md)"
"IQ_Brain",41,2,0,2,NA,"[Link to IQ_Brain data (.txt)](https://raw.githubusercontent.com/IntroStats7e/IntroStats7e.github.io/refs/heads/main/IQ_Brain/IQ_Brain.txt)","[Link to IQ_Brain documentation](https://github.com/IntroStats7e/IntroStats7e.github.io/blob/main/IQ_Brain/readme.md)"
"New_York_bridges_2020",17534,12,9,3,NA,"[Link to New_York_bridges_2020 data (.txt)](https://raw.githubusercontent.com/IntroStats7e/IntroStats7e.github.io/refs/heads/main/New_York_bridges_2020/New_York_bridges_2020.txt)","[Link to New_York_bridges_2020 documentation](https://github.com/IntroStats7e/IntroStats7e.github.io/blob/main/New_York_bridges_2020/readme.md)"
"SAT_scores",162,3,1,2,NA,"[Link to SAT_scores data (.txt)](https://raw.githubusercontent.com/IntroStats7e/IntroStats7e.github.io/refs/heads/main/SAT_scores/SAT_scores.txt)","[Link to SAT_scores documentation](https://github.com/IntroStats7e/IntroStats7e.github.io/blob/main/SAT_scores/readme.md)"
"Used_convertables_2020",26,4,1,3,NA,"[Link to Used_convertables_2020 data (.txt)](https://raw.githubusercontent.com/IntroStats7e/IntroStats7e.github.io/refs/heads/main/Used_convertables_2020/Used_convertables_2020.txt)","[Link to Used_convertables_2020 documentation](https://github.com/IntroStats7e/IntroStats7e.github.io/blob/main/Used_convertables_2020/readme.md)"
"Wildfires_2024",40,5,0,5,NA,"[Link to Wildfires_2024 data (.txt)](https://raw.githubusercontent.com/IntroStats7e/IntroStats7e.github.io/refs/heads/main/Wildfires_2024/Wildfires_2024.txt)","[Link to Wildfires_2024 documentation](https://github.com/IntroStats7e/IntroStats7e.github.io/blob/main/Wildfires_2024/readme.md)"
